Date,SPY Price,SPY Prev Close,SPY Gap %,SPY 20MA,SPY vs 20MA %,SPY 50MA,SPY vs 50MA %,SPY 200MA,SPY vs 200MA %,QQQ Price,QQQ Prev Close,QQQ Gap %,QQQ 50MA,QQQ vs 50MA %,QQQ 200MA,QQQ vs 200MA %,VIX,VIX Prev,VIX Delta %,SPY ADX,SPY PDI,SPY NDI,Regime Tier,Sizing Multiplier,Block Calls,Chop Score,Market Bias
2026-06-08,737.55,757.09,-2.58%,746.29,-1.17%,713.51,3.37%,683.93,7.84%,705.06,705.06,0.00%,667.81,5.58%,621.82,13.39%,18.70,18.70,0.00%,29.11,25.97,29.46,Choppy,-50.00%,FALSE,0,Caution — Below 20MA
2026-06-09,739.22,739.22,0.00%,746.37,-0.96%,715.39,3.33%,684.43,8.00%,716.07,716.07,0.00%,670.65,6.77%,622.57,15.02%,17.93,17.93,0.00%,27.47,24.07,27.30,Bullish,0.00%,FALSE,0,Caution — Below 20MA2026-06-10,737.05,739.22,-0.29%,746.26,-1.23%,717.45,+2.73%,684.94,+7.61%,707.83,707.83,0.00%,673.56,+5.09%,623.29,+13.56%,21.04,19.87,+5.89%,27.53,19.34,34.57,Bearish,-75.00%,True,3,Caution — Below 20MA
2026-06-10,732.67,737.05,-0.59%,745.99,-1.78%,719.47,+1.84%,685.38,+6.90%,702.26,702.26,0.00%,676.44,+3.82%,623.95,+12.55%,20.76,19.87,+4.48%,27.58,18.24,32.61,Bearish,-75.00%,True,3,Caution — Below 20MA
2026-06-10,730.40,737.05,-0.90%,745.87,-2.07%,719.42,+1.53%,685.37,+6.57%,698.44,698.44,0.00%,676.36,+3.26%,623.93,+11.94%,21.67,19.87,+9.06%,27.58,17.80,31.82,Bearish,-75.00%,True,3,Caution — Below 20MA
2026-06-10,730.94,737.05,-0.83%,745.90,-2.01%,719.43,+1.60%,685.37,+6.65%,700.14,700.14,0.00%,676.40,+3.51%,623.93,+12.21%,21.93,19.87,+10.37%,27.58,17.71,31.66,Bearish,-75.00%,True,3,Caution — Below 20MA
2026-06-11,725.43,737.05,-1.58%,745.62,-2.71%,719.32,+0.85%,685.34,+5.85%,693.69,693.69,0.00%,676.27,+2.58%,623.90,+11.19%,21.22,22.22,-4.50%,27.58,17.36,31.03,Bearish,-75.00%,True,3,Caution — Below 20MA
2026-06-11,725.15,725.43,-0.04%,744.77,-2.63%,720.82,+0.60%,685.75,+5.74%,696.16,696.16,0.00%,678.65,+2.58%,624.53,+11.47%,21.29,22.22,-4.19%,27.66,16.45,29.65,Bearish,-50.00%,True,3,Caution — Below 20MA
2026-06-11,726.52,725.43,+0.15%,744.83,-2.46%,720.85,+0.79%,685.76,+5.94%,699.39,699.39,0.00%,678.71,+3.05%,624.55,+11.98%,21.33,22.22,-4.01%,27.71,16.37,30.00,Bearish,-50.00%,True,3,Caution — Below 20MA
2026-06-11,735.00,725.43,+1.32%,745.26,-1.38%,721.02,+1.94%,685.80,+7.17%,710.60,710.60,+0.00%,678.94,+4.66%,624.60,+13.77%,19.68,22.22,-11.43%,27.71,15.74,28.84,Choppy,-25.00%,False,2,Caution — Below 20MA
2026-06-12,737.76,725.43,+1.70%,745.40,-1.02%,721.07,+2.31%,685.82,+7.57%,717.12,717.12,+0.00%,679.07,+5.60%,624.64,+14.81%,19.47,19.44,+0.15%,27.38,16.55,27.43,Choppy,-25.00%,False,1,Caution — Below 20MA
2026-06-12,742.51,737.76,+0.64%,745.11,-0.35%,722.82,+2.72%,686.30,+8.19%,721.02,721.02,0.00%,681.80,+5.75%,625.38,+15.29%,19.29,19.44,-0.77%,26.77,17.64,25.83,Choppy,-25.00%,False,1,Caution — Below 20MA
2026-06-12,741.69,737.76,+0.53%,745.07,-0.45%,722.80,+2.61%,686.30,+8.07%,722.08,722.08,0.00%,681.82,+5.90%,625.38,+15.46%,18.79,19.44,-3.34%,26.52,18.70,25.50,Choppy,-25.00%,False,2,Caution — Below 20MA
2026-06-12,741.45,737.76,+0.50%,745.06,-0.48%,722.80,+2.58%,686.30,+8.04%,722.33,722.33,+0.00%,681.83,+5.94%,625.38,+15.50%,18.29,19.44,-5.92%,26.52,18.70,25.50,Choppy,-25.00%,False,2,Caution — Below 20MA
2026-06-15,741.75,737.76,+0.54%,745.07,-0.45%,722.80,+2.62%,686.30,+8.08%,721.34,721.34,0.00%,681.81,+5.80%,625.38,+15.34%,16.40,17.68,-7.24%,26.52,18.70,25.50,Bullish,+0.00%,False,2,Caution — Below 20MA
2026-06-15,754.30,741.75,+1.69%,745.83,+1.14%,724.77,+4.07%,686.84,+9.82%,741.69,741.69,+0.00%,684.94,+8.29%,626.22,+18.44%,16.27,17.68,-7.98%,24.79,24.23,23.15,Bullish,+0.00%,False,1,Bullish
2026-06-15,755.75,741.75,+1.89%,745.90,+1.32%,724.80,+4.27%,686.85,+10.03%,743.63,743.63,0.00%,684.98,+8.56%,626.23,+18.75%,16.04,17.68,-9.28%,25.03,25.48,22.77,Bullish,+0.00%,False,1,Bullish
2026-06-15,755.21,741.75,+1.81%,745.88,+1.25%,724.79,+4.20%,686.84,+9.95%,743.55,743.55,+0.00%,684.98,+8.55%,626.23,+18.73%,16.14,17.68,-8.71%,25.03,25.48,22.77,Bullish,+0.00%,False,1,Bullish
2026-06-16,754.83,741.75,+1.76%,745.86,+1.20%,724.78,+4.15%,686.84,+9.90%,744.00,744.00,+0.00%,684.99,+8.62%,626.23,+18.81%,16.08,16.20,-0.74%,25.03,25.48,22.77,Bullish,+0.00%,False,0,Bullish
2026-06-16,753.09,754.83,-0.23%,746.58,+0.87%,726.66,+3.64%,687.36,+9.56%,737.39,737.39,0.00%,687.97,+7.18%,627.03,+17.60%,15.98,16.20,-1.36%,23.64,24.87,22.22,Bullish,+0.00%,False,0,Bullish
2026-06-16,752.60,754.83,-0.30%,746.56,+0.81%,726.65,+3.57%,687.36,+9.49%,734.38,734.38,0.00%,687.91,+6.76%,627.02,+17.12%,15.88,16.20,-1.98%,23.64,24.77,22.17,Bullish,+0.00%,False,0,Bullish
2026-06-16,752.14,754.83,-0.36%,746.53,+0.75%,726.65,+3.51%,687.36,+9.42%,734.11,734.11,0.00%,687.90,+6.72%,627.02,+17.08%,15.86,16.20,-2.10%,23.61,24.72,22.32,Bullish,+0.00%,False,0,Bullish
2026-06-17,750.33,754.83,-0.60%,746.44,+0.52%,726.61,+3.26%,687.35,+9.16%,729.86,729.86,+0.00%,687.82,+6.11%,627.00,+16.41%,16.04,16.41,-2.25%,23.42,24.43,23.22,Bullish,+0.00%,False,0,Bullish
2026-06-17,749.40,750.33,-0.12%,747.23,+0.29%,728.41,+2.88%,687.87,+8.95%,731.76,731.76,0.00%,690.68,+5.95%,627.80,+16.56%,16.64,16.41,+1.40%,21.81,23.62,24.02,Bullish,+0.00%,False,0,Neutral
2026-06-17,749.89,750.33,-0.06%,747.25,+0.35%,728.42,+2.95%,687.87,+9.02%,732.26,732.26,0.00%,690.69,+6.02%,627.81,+16.64%,16.89,16.41,+2.93%,21.81,23.62,24.02,Bullish,+0.00%,False,0,Neutral
2026-06-17,750.87,750.33,+0.07%,747.30,+0.48%,728.44,+3.08%,687.88,+9.16%,733.02,733.02,0.00%,690.70,+6.13%,627.81,+16.76%,16.85,16.41,+2.68%,21.81,23.62,24.02,Bullish,+0.00%,False,0,Neutral
2026-06-18,740.96,750.33,-1.25%,746.80,-0.78%,728.24,+1.75%,687.83,+7.72%,722.51,722.51,0.00%,690.49,+4.64%,627.76,+15.09%,17.17,18.44,-6.89%,22.68,22.15,28.76,Bullish,+0.00%,False,2,Caution — Below 20MA
2026-06-18,746.72,740.96,+0.78%,747.08,-0.05%,729.66,+2.34%,688.36,+8.48%,737.77,737.77,0.00%,693.13,+6.44%,628.62,+17.36%,17.13,18.44,-7.10%,21.99,20.96,27.23,Bullish,+0.00%,False,2,Caution — Below 20MA
2026-06-18,746.60,740.96,+0.76%,747.07,-0.06%,729.66,+2.32%,688.36,+8.46%,739.13,739.13,+0.00%,693.15,+6.63%,628.62,+17.58%,16.66,18.44,-9.65%,21.99,20.96,27.23,Bullish,+0.00%,False,2,Caution — Below 20MA
2026-06-18,747.06,740.96,+0.82%,747.09,0.00%,729.67,+2.38%,688.36,+8.53%,740.04,740.04,+0.00%,693.17,+6.76%,628.63,+17.72%,16.67,18.44,-9.60%,21.99,20.96,27.23,Bullish,+0.00%,False,2,Caution — Below 20MA
2026-06-22,746.74,740.96,+0.78%,747.08,-0.05%,729.66,+2.34%,688.36,+8.48%,740.62,740.62,+0.00%,693.18,+6.84%,628.63,+17.81%,16.94,16.40,+3.29%,21.99,20.96,27.22,Bullish,+0.00%,False,2,Caution — Below 20MA
2026-06-22,744.88,746.74,-0.25%,747.19,-0.31%,730.96,+1.90%,688.87,+8.13%,738.02,738.02,+0.00%,695.74,+6.08%,629.47,+17.24%,17.58,16.40,+7.20%,21.09,21.32,25.78,Bullish,+0.00%,False,1,Caution — Below 20MA
2026-06-22,744.97,746.74,-0.24%,747.19,-0.30%,730.96,+1.92%,688.87,+8.14%,736.46,736.46,0.00%,695.71,+5.86%,629.46,+17.00%,17.38,16.40,+5.98%,21.09,21.32,25.78,Bullish,+0.00%,False,1,Caution — Below 20MA
2026-06-22,744.70,746.74,-0.27%,747.18,-0.33%,730.95,+1.88%,688.86,+8.11%,737.29,737.28,+0.00%,695.73,+5.97%,629.47,+17.13%,17.33,16.40,+5.67%,21.09,21.32,25.78,Bullish,+0.00%,False,1,Caution — Below 20MA
2026-06-23,744.39,746.74,-0.31%,747.16,-0.37%,730.95,+1.84%,688.86,+8.06%,737.95,737.95,0.00%,695.74,+6.07%,629.47,+17.23%,20.20,17.28,+16.90%,21.09,21.31,25.78,Bearish,-50.00%,True,2,Caution — Below 20MA
2026-06-23,736.99,744.39,-0.99%,746.73,-1.30%,732.10,+0.67%,689.30,+6.92%,719.00,719.00,+0.00%,697.90,+3.02%,630.19,+14.09%,19.28,17.28,+11.57%,21.28,19.41,31.47,Choppy,-25.00%,False,2,Caution — Below 20MA
2026-06-23,737.42,744.39,-0.94%,746.75,-1.25%,732.11,+0.73%,689.30,+6.98%,718.99,718.99,+0.00%,697.90,+3.02%,630.19,+14.09%,18.80,17.28,+8.80%,21.28,19.41,31.47,Choppy,-25.00%,False,2,Caution — Below 20MA
2026-06-23,735.73,744.39,-1.16%,746.67,-1.46%,732.07,+0.50%,689.30,+6.74%,715.85,715.85,+0.00%,697.83,+2.58%,630.17,+13.60%,18.73,17.28,+8.39%,21.28,19.41,31.47,Choppy,-25.00%,False,2,Caution — Below 20MA
2026-06-24,733.58,744.39,-1.45%,746.56,-1.74%,732.03,+0.21%,689.29,+6.43%,713.65,713.65,0.00%,697.79,+2.27%,630.16,+13.25%,19.08,19.49,-2.10%,21.28,19.41,31.47,Choppy,-25.00%,False,1,Caution — Below 20MA
2026-06-24,735.54,733.58,+0.27%,745.81,-1.38%,733.02,+0.34%,689.73,+6.64%,712.52,712.52,0.00%,699.69,+1.83%,630.85,+12.95%,18.83,19.49,-3.39%,21.41,18.72,29.95,Choppy,-25.00%,False,2,Caution — Below 20MA
2026-06-24,731.84,733.58,-0.24%,745.62,-1.85%,732.95,-0.15%,689.71,+6.11%,707.32,707.32,0.00%,699.59,+1.11%,630.82,+12.13%,20.07,19.49,+2.98%,21.54,18.16,30.20,Bearish,-50.00%,True,3,Cautiously Bearish
2026-06-25,733.24,733.58,-0.05%,745.69,-1.67%,732.97,+0.04%,689.72,+6.31%,710.62,710.62,+0.00%,699.66,+1.57%,630.84,+12.65%,17.88,18.63,-4.03%,21.57,18.10,30.42,Bullish,+0.00%,False,2,Caution — Below 20MA
2026-06-25,735.27,733.24,+0.28%,744.93,-1.30%,733.79,+0.20%,690.15,+6.54%,713.21,713.21,0.00%,701.35,+1.69%,631.51,+12.94%,18.93,18.63,+1.61%,21.95,16.79,29.14,Choppy,-25.00%,False,1,Caution — Below 20MA
2026-06-25,732.78,733.24,-0.06%,744.81,-1.61%,733.74,-0.13%,690.13,+6.18%,715.23,715.23,+0.00%,701.39,+1.97%,631.52,+13.26%,19.30,18.63,+3.60%,21.95,16.79,29.14,Choppy,-25.00%,False,3,Cautiously Bearish
2026-06-25,733.17,733.24,-0.01%,744.83,-1.56%,733.75,-0.08%,690.14,+6.24%,717.13,717.13,0.00%,701.43,+2.24%,631.53,+13.55%,19.04,18.63,+2.20%,21.95,16.79,29.14,Choppy,-25.00%,False,2,Cautiously Bearish
2026-06-26,734.30,733.24,+0.14%,744.88,-1.42%,733.77,+0.07%,690.14,+6.40%,716.38,716.38,0.00%,701.41,+2.13%,631.52,+13.44%,20.22,18.89,+7.04%,21.95,16.79,29.14,Bearish,-50.00%,True,3,Caution — Below 20MA
2026-06-26,732.80,734.30,-0.20%,743.79,-1.48%,734.43,-0.22%,690.55,+6.12%,711.17,711.17,+0.00%,702.89,+1.18%,632.18,+12.50%,19.40,18.89,+2.70%,22.54,15.85,29.57,Choppy,-25.00%,False,2,Cautiously Bearish
2026-06-26,734.37,734.30,+0.01%,743.87,-1.28%,734.46,-0.01%,690.56,+6.34%,712.90,712.90,0.00%,702.92,+1.42%,632.19,+12.77%,19.02,18.89,+0.69%,22.54,15.59,29.08,Choppy,-25.00%,False,2,Cautiously Bearish
2026-06-26,733.66,734.30,-0.09%,743.84,-1.37%,734.44,-0.11%,690.56,+6.24%,711.58,711.58,0.00%,702.89,+1.24%,632.18,+12.56%,18.80,18.89,-0.48%,22.54,15.59,29.08,Choppy,-25.00%,False,2,Cautiously Bearish
2026-06-29,728.99,734.30,-0.72%,743.60,-1.97%,734.35,-0.73%,690.54,+5.57%,706.52,706.52,0.00%,702.79,+0.53%,632.15,+11.76%,18.23,18.41,-0.98%,23.27,14.49,34.10,Choppy,-25.00%,False,2,Cautiously Bearish
2026-06-29,737.72,728.99,+1.20%,742.66,-0.67%,735.07,+0.36%,690.96,+6.77%,716.03,716.03,0.00%,704.30,+1.66%,632.83,+13.15%,18.45,18.41,+0.22%,24.00,15.72,31.55,Choppy,-25.00%,False,1,Caution — Below 20MA
2026-06-29,738.81,728.99,+1.35%,742.72,-0.53%,735.09,+0.51%,690.97,+6.92%,720.85,720.85,+0.00%,704.40,+2.34%,632.85,+13.90%,17.90,18.41,-2.77%,24.00,15.72,31.55,Bullish,+0.00%,False,1,Caution — Below 20MA
2026-06-29,740.35,728.99,+1.56%,742.80,-0.33%,735.13,+0.71%,690.98,+7.15%,722.64,722.64,0.00%,704.44,+2.58%,632.86,+14.19%,17.76,18.41,-3.53%,23.87,16.24,31.35,Bullish,+0.00%,False,2,Caution — Below 20MA
2026-06-30,741.00,728.99,+1.65%,742.83,-0.25%,735.14,+0.80%,690.98,+7.24%,724.08,724.08,0.00%,704.47,+2.78%,632.87,+14.41%,17.67,17.65,+0.11%,23.77,16.66,31.19,Bullish,+0.00%,False,1,Caution — Below 20MA
2026-06-30,743.58,741.00,+0.35%,742.08,+0.20%,735.81,+1.06%,691.41,+7.55%,730.92,730.92,+0.00%,706.11,+3.51%,633.60,+15.36%,17.01,17.65,-3.63%,23.73,18.83,30.20,Bullish,+0.00%,False,2,Neutral
2026-06-30,746.85,741.00,+0.79%,742.24,+0.62%,735.87,+1.49%,691.43,+8.02%,735.94,735.94,0.00%,706.21,+4.21%,633.63,+16.15%,16.65,17.65,-5.67%,23.53,19.77,29.85,Bullish,+0.00%,False,2,Neutral
2026-06-30,746.49,741.00,+0.74%,742.23,+0.57%,735.87,+1.44%,691.42,+7.96%,735.76,735.76,0.00%,706.20,+4.19%,633.63,+16.12%,16.63,17.65,-5.78%,23.51,19.83,29.83,Bullish,+0.00%,False,2,Neutral
2026-07-01,746.77,741.00,+0.78%,742.24,+0.61%,735.87,+1.48%,691.43,+8.00%,736.40,736.40,0.00%,706.22,+4.27%,633.63,+16.22%,16.89,16.45,+2.67%,23.41,20.32,29.65,Bullish,+0.00%,False,1,Neutral
2026-07-01,746.97,746.77,+0.03%,741.61,+0.72%,736.64,+1.40%,691.87,+7.96%,728.28,728.28,0.00%,707.85,+2.89%,634.34,+14.81%,16.36,16.45,-0.55%,23.07,19.63,28.64,Bullish,+0.00%,False,1,Neutral
2026-07-01,747.52,746.77,+0.10%,741.64,+0.79%,736.65,+1.48%,691.88,+8.04%,728.13,728.13,+0.00%,707.84,+2.87%,634.34,+14.79%,16.01,16.45,-2.67%,22.89,20.31,28.16,Bullish,+0.00%,False,1,Neutral
2026-07-01,747.14,746.77,+0.05%,741.62,+0.74%,736.64,+1.43%,691.87,+7.99%,727.22,727.22,+0.00%,707.83,+2.74%,634.34,+14.64%,16.26,16.45,-1.16%,22.89,20.31,28.16,Bullish,+0.00%,False,1,Neutral
2026-07-02,747.32,745.76,+0.21%,741.20,+0.83%,737.48,+1.33%,692.30,+7.95%,719.10,719.10,+0.00%,709.28,+1.38%,634.96,+13.25%,16.41,16.59,-1.08%,22.18,20.85,27.02,Bullish,+0.00%,False,1,Neutral
2026-07-02,742.08,745.76,-0.49%,740.94,+0.15%,737.37,+0.64%,692.27,+7.19%,710.85,710.85,+0.00%,709.11,+0.24%,634.92,+11.96%,16.63,16.59,+0.24%,22.18,20.27,26.26,Bullish,+0.00%,False,1,Neutral
2026-07-02,740.24,745.76,-0.74%,740.85,-0.08%,737.33,+0.39%,692.26,+6.93%,707.77,707.77,0.00%,709.05,-0.18%,634.91,+11.48%,16.91,16.59,+1.93%,22.63,18.70,27.58,Bullish,+0.00%,False,1,Caution — Below 20MA
2026-07-06,750.22,744.78,+0.73%,740.73,+1.28%,738.21,+1.63%,692.74,+8.30%,724.24,724.24,+0.00%,710.53,+1.93%,635.59,+13.95%,16.05,15.81,+1.52%,22.38,17.94,26.46,Bullish,+0.00%,False,1,Neutral
2026-07-06,750.52,744.78,+0.77%,740.75,+1.32%,738.21,+1.67%,692.74,+8.34%,723.52,723.52,0.00%,710.52,+1.83%,635.59,+13.83%,15.87,15.81,+0.38%,22.38,17.84,26.31,Bullish,+0.00%,False,1,Neutral
2026-07-06,750.13,744.78,+0.72%,740.73,+1.27%,738.20,+1.62%,692.74,+8.28%,721.51,721.51,+0.00%,710.48,+1.55%,635.58,+13.52%,15.97,15.81,+1.01%,22.35,17.95,26.23,Bullish,+0.00%,False,1,Neutral
2026-07-07,751.28,744.78,+0.87%,740.79,+1.42%,738.23,+1.77%,692.74,+8.45%,722.82,722.82,0.00%,710.50,+1.73%,635.59,+13.72%,15.92,15.57,+2.25%,22.23,18.46,26.07,Bullish,+0.00%,False,1,Neutral
2026-07-07,746.31,751.28,-0.66%,741.22,+0.69%,738.98,+0.99%,693.18,+7.66%,706.95,706.95,0.00%,711.61,-0.66%,636.17,+11.13%,16.61,15.57,+6.68%,22.08,17.64,26.52,Bullish,+0.00%,False,2,Neutral
2026-07-07,748.92,751.28,-0.31%,741.35,+1.02%,739.04,+1.34%,693.19,+8.04%,712.87,712.87,+0.00%,711.73,+0.16%,636.20,+12.05%,15.81,15.57,+1.54%,22.08,17.64,26.52,Bullish,+0.00%,False,1,Neutral
2026-07-07,749.21,751.28,-0.28%,741.37,+1.06%,739.04,+1.38%,693.19,+8.08%,713.58,713.58,0.00%,711.75,+0.26%,636.21,+12.16%,15.61,15.57,+0.26%,22.08,17.64,26.52,Bullish,+0.00%,False,1,Neutral
2026-07-08,747.71,751.28,-0.48%,741.29,+0.87%,739.01,+1.18%,693.19,+7.87%,709.43,709.43,+0.00%,711.66,-0.31%,636.18,+11.51%,17.45,16.13,+8.18%,22.08,17.64,26.52,Bullish,+0.00%,False,2,Neutral
2026-07-08,741.94,747.71,-0.77%,741.43,+0.07%,739.57,+0.32%,693.58,+6.97%,705.26,705.26,0.00%,712.49,-1.01%,636.73,+10.76%,17.89,16.13,+10.91%,22.35,16.74,28.39,Bullish,+0.00%,False,2,Neutral
2026-07-08,744.58,747.71,-0.42%,741.56,+0.41%,739.63,+0.67%,693.60,+7.35%,708.93,708.93,+0.00%,712.57,-0.51%,636.75,+11.34%,17.23,16.13,+6.82%,22.47,16.56,29.15,Bullish,+0.00%,False,2,Neutral
2026-07-08,744.02,747.71,-0.49%,741.53,+0.34%,739.61,+0.60%,693.59,+7.27%,708.40,708.40,0.00%,712.55,-0.58%,636.75,+11.25%,16.78,16.13,+4.03%,22.47,16.56,29.15,Bullish,+0.00%,False,2,Neutral
2026-07-09,745.40,747.71,-0.31%,741.60,+0.51%,739.64,+0.78%,693.60,+7.47%,711.44,711.44,0.00%,712.62,-0.16%,636.77,+11.73%,16.74,16.90,-0.95%,22.47,16.56,29.15,Bullish,+0.00%,False,1,Neutral
2026-07-09,748.83,745.40,+0.46%,742.19,+0.89%,740.31,+1.15%,694.03,+7.90%,719.46,719.46,0.00%,713.72,+0.80%,637.37,+12.88%,16.57,16.90,-1.95%,22.37,18.46,28.28,Bullish,+0.00%,False,1,Neutral
2026-07-09,750.42,745.40,+0.67%,742.27,+1.10%,740.35,+1.36%,694.03,+8.12%,721.92,721.92,+0.00%,713.77,+1.14%,637.38,+13.26%,16.05,16.90,-5.03%,22.13,19.51,27.92,Bullish,+0.00%,False,2,Neutral
2026-07-09,751.65,745.40,+0.84%,742.33,+1.26%,740.37,+1.52%,694.04,+8.30%,723.98,723.98,+0.00%,713.81,+1.42%,637.39,+13.59%,16.04,16.90,-5.09%,21.99,20.17,27.69,Bullish,+0.00%,False,2,Neutral
2026-07-10,751.71,745.40,+0.85%,742.34,+1.26%,740.37,+1.53%,694.04,+8.31%,723.28,723.28,0.00%,713.80,+1.33%,637.39,+13.48%,15.78,15.84,-0.38%,21.99,20.17,27.69,Bullish,+0.00%,False,1,Neutral
2026-07-10,751.08,751.71,-0.08%,743.62,+1.00%,741.16,+1.34%,694.46,+8.15%,720.20,720.20,0.00%,715.05,+0.72%,637.98,+12.89%,15.69,15.84,-0.95%,21.35,20.43,26.56,Bullish,+0.00%,False,1,Neutral
2026-07-10,754.01,751.71,+0.31%,743.76,+1.38%,741.22,+1.73%,694.48,+8.57%,725.17,725.17,0.00%,715.15,+1.40%,638.00,+13.66%,15.27,15.84,-3.60%,21.25,20.92,26.39,Bullish,+0.00%,False,2,Neutral
2026-07-10,754.02,751.71,+0.31%,743.77,+1.38%,741.22,+1.73%,694.48,+8.57%,725.59,725.59,0.00%,715.16,+1.46%,638.00,+13.73%,15.36,15.84,-3.03%,21.21,21.09,26.34,Bullish,+0.00%,False,2,Neutral
2026-07-13,754.95,751.71,+0.43%,743.81,+1.50%,741.24,+1.85%,694.48,+8.71%,725.51,725.51,0.00%,715.16,+1.45%,638.00,+13.72%,16.33,15.03,+8.65%,21.08,21.70,26.13,Bullish,+0.00%,False,1,Neutral
2026-07-13,752.80,754.95,-0.28%,744.56,+1.11%,742.06,+1.45%,694.93,+8.33%,718.38,718.38,0.00%,716.29,+0.29%,638.60,+12.49%,16.47,15.03,+9.58%,20.24,20.89,25.16,Bullish,+0.00%,False,1,Neutral
2026-07-13,749.87,754.95,-0.67%,744.42,+0.73%,742.00,+1.06%,694.92,+7.91%,713.13,713.13,0.00%,716.19,-0.43%,638.58,+11.67%,16.60,15.03,+10.45%,20.24,20.67,24.88,Bullish,+0.00%,False,1,Neutral
2026-07-13,749.20,754.95,-0.76%,744.38,+0.65%,741.99,+0.97%,694.91,+7.81%,712.11,712.11,+0.00%,716.17,-0.57%,638.57,+11.52%,16.64,15.03,+10.71%,20.24,20.67,24.88,Bullish,+0.00%,False,1,Neutral
2026-07-14,749.17,754.95,-0.77%,744.38,+0.64%,741.99,+0.97%,694.91,+7.81%,711.74,711.74,+0.00%,716.16,-0.62%,638.57,+11.46%,16.79,17.16,-2.16%,20.25,20.51,24.82,Bullish,+0.00%,False,0,Neutral
2026-07-14,751.92,749.17,+0.37%,744.89,+0.94%,742.65,+1.25%,695.37,+8.13%,719.66,719.66,+0.00%,717.20,+0.34%,639.19,+12.59%,16.49,17.16,-3.90%,19.48,19.73,23.87,Bullish,+0.00%,False,2,Neutral
2026-07-14,751.80,749.17,+0.35%,744.88,+0.93%,742.65,+1.23%,695.37,+8.12%,720.59,720.59,+0.00%,717.22,+0.47%,639.19,+12.74%,16.50,17.16,-3.85%,19.48,19.73,23.87,Bullish,+0.00%,False,2,Neutral
2026-07-14,752.14,749.17,+0.40%,744.90,+0.97%,742.66,+1.28%,695.37,+8.16%,721.28,721.28,0.00%,717.23,+0.56%,639.20,+12.84%,16.48,17.16,-3.96%,19.48,19.73,23.87,Bullish,+0.00%,False,2,Neutral
2026-07-15,751.83,749.17,+0.36%,744.89,+0.93%,742.65,+1.24%,695.37,+8.12%,719.71,711.74,+1.12%,716.16,+0.50%,638.78,+12.67%,16.11,16.50,-2.36%,19.48,19.73,23.87,Bullish,+0.00%,False,1,Neutral
2026-07-15,753.50,751.83,+0.22%,744.82,+1.17%,743.31,+1.37%,695.84,+8.29%,715.65,715.65,0.00%,717.12,-0.20%,639.40,+11.93%,16.28,16.50,-1.33%,18.43,21.01,23.11,Bullish,+0.00%,False,1,Neutral
2026-07-15,751.86,751.83,+0.00%,744.74,+0.96%,743.28,+1.15%,695.83,+8.05%,713.31,713.30,+0.00%,717.98,-0.65%,639.79,+11.49%,16.43,16.50,-0.42%,18.43,20.72,22.79,Bullish,+0.00%,False,1,Neutral
2026-07-15,754.19,751.83,+0.31%,744.85,+1.25%,743.32,+1.46%,695.85,+8.38%,717.14,717.14,0.00%,718.06,-0.13%,639.81,+12.09%,15.87,16.50,-3.82%,18.43,20.72,22.79,Bullish,+0.00%,False,2,Neutral
2026-07-16,754.81,754.81,+0.00%,744.89,+1.33%,743.34,+1.54%,695.85,+8.47%,717.74,717.74,+0.00%,718.07,-0.05%,639.81,+12.18%,16.22,16.22,+0.00%,18.42,20.71,22.75,Bullish,+0.00%,False,1,Neutral
2026-07-16,754.11,754.11,0.00%,745.07,+1.21%,744.06,+1.35%,696.31,+8.30%,711.42,711.42,+0.00%,718.84,-1.03%,640.39,+11.09%,15.77,15.77,0.00%,17.44,19.97,21.93,Bullish,+0.00%,False,1,Neutral
2026-07-16,752.36,752.36,+0.00%,744.99,+0.99%,744.02,+1.12%,696.30,+8.05%,707.98,707.98,+0.00%,718.77,-1.50%,640.37,+10.56%,16.34,16.34,0.00%,17.44,19.97,21.93,Bullish,+0.00%,False,1,Neutral
2026-07-16,751.34,751.34,0.00%,744.94,+0.86%,744.00,+0.99%,696.30,+7.91%,706.81,706.80,+0.00%,718.75,-1.66%,640.36,+10.38%,16.50,16.50,+0.00%,17.44,19.97,21.93,Bullish,+0.00%,False,1,Neutral
2026-07-17,750.72,754.81,-0.54%,744.90,+0.78%,743.99,+0.90%,696.29,+7.82%,705.94,705.94,0.00%,718.73,-1.78%,640.36,+10.24%,18.87,16.73,+12.79%,17.77,19.50,23.42,Choppy,-25.00%,False,2,Neutral
2026-07-17,745.00,750.72,-0.76%,745.11,-0.01%,744.41,+0.08%,696.70,+6.93%,694.54,694.54,+0.00%,718.99,-3.40%,640.84,+8.38%,18.14,16.73,+8.43%,18.01,17.87,27.42,Choppy,-25.00%,False,2,Caution — Below 20MA
2026-07-17,746.54,750.72,-0.56%,745.18,+0.18%,744.45,+0.28%,696.71,+7.15%,700.86,700.86,+0.00%,719.12,-2.54%,640.87,+9.36%,18.06,16.73,+7.95%,18.01,17.87,27.42,Choppy,-25.00%,False,2,Neutral
2026-07-17,744.58,750.72,-0.82%,745.09,-0.07%,744.41,+0.02%,696.70,+6.87%,698.68,698.68,+0.00%,719.07,-2.84%,640.86,+9.02%,18.04,16.73,+7.83%,18.01,17.87,27.42,Choppy,-25.00%,False,2,Caution — Below 20MA
2026-07-20,743.29,750.72,-0.99%,745.02,-0.23%,744.38,-0.15%,696.69,+6.69%,695.33,695.33,0.00%,719.01,-3.29%,640.84,+8.50%,18.08,18.77,-3.68%,18.01,17.87,27.42,Choppy,-25.00%,False,3,Cautiously Bearish
2026-07-20,744.00,743.29,+0.10%,744.88,-0.12%,744.58,-0.08%,697.08,+6.73%,698.45,698.45,0.00%,719.06,-2.87%,641.33,+8.91%,18.23,18.77,-2.88%,17.98,18.28,26.13,Choppy,-25.00%,False,2,Cautiously Bearish
2026-07-20,744.78,743.29,+0.20%,744.92,-0.02%,744.60,+0.02%,697.08,+6.84%,700.35,700.35,+0.00%,719.10,-2.61%,641.34,+9.20%,18.26,18.77,-2.72%,17.98,18.28,26.13,Choppy,-25.00%,False,1,Caution — Below 20MA
2026-07-21,748.72,742.09,+0.89%,745.01,+0.50%,744.89,+0.51%,697.47,+7.35%,709.40,709.40,0.00%,719.30,-1.38%,641.85,+10.52%,17.11,18.65,-8.26%,17.91,17.19,24.20,Bullish,+0.00%,False,2,Neutral
2026-07-21,748.62,742.09,+0.88%,745.00,+0.49%,744.89,+0.50%,697.47,+7.33%,709.69,709.68,+0.00%,719.31,-1.34%,641.85,+10.57%,17.05,18.65,-8.58%,17.91,17.19,24.20,Bullish,+0.00%,False,2,Neutral
2026-07-22,748.28,742.09,+0.83%,744.98,+0.44%,744.88,+0.46%,697.47,+7.28%,708.97,708.97,+0.00%,719.29,-1.43%,641.85,+10.46%,17.32,17.05,+1.58%,17.91,17.19,24.20,Bullish,+0.00%,False,1,Neutral
2026-07-22,747.99,748.28,-0.04%,745.70,+0.31%,745.09,+0.39%,697.86,+7.18%,707.32,707.32,0.00%,719.21,-1.65%,642.36,+10.11%,17.31,17.05,+1.52%,17.77,17.03,23.54,Bullish,+0.00%,False,1,Neutral
2026-07-22,749.77,748.28,+0.20%,745.79,+0.53%,745.12,+0.62%,697.87,+7.44%,708.88,708.88,+0.00%,719.24,-1.44%,642.36,+10.35%,16.82,17.05,-1.35%,17.66,17.51,23.41,Bullish,+0.00%,False,1,Neutral
2026-07-22,748.62,748.28,+0.05%,745.74,+0.39%,745.10,+0.47%,697.87,+7.27%,707.50,707.50,+0.00%,719.22,-1.63%,642.36,+10.14%,16.81,17.05,-1.41%,17.66,17.51,23.41,Bullish,+0.00%,False,1,Neutral
2026-07-23,747.41,747.41,+0.00%,745.67,+0.23%,745.08,+0.31%,697.86,+7.10%,705.35,705.35,+0.00%,719.17,-1.92%,642.35,+9.81%,19.05,19.05,+0.00%,17.63,17.50,23.38,Choppy,-25.00%,False,1,Neutral
2026-07-23,738.30,738.30,+0.00%,745.93,-1.02%,745.06,-0.91%,698.21,+5.74%,691.77,691.77,0.00%,718.74,-3.75%,642.79,+7.62%,19.18,19.18,0.00%,18.41,16.05,28.83,Choppy,-25.00%,False,2,Cautiously Bearish
2026-07-23,738.43,738.43,+0.00%,745.93,-1.01%,745.06,-0.89%,698.21,+5.76%,692.37,692.37,+0.00%,718.76,-3.67%,642.79,+7.71%,19.18,19.18,0.00%,18.67,15.66,30.55,Choppy,-25.00%,False,2,Cautiously Bearish
2026-07-23,737.22,737.22,0.00%,745.87,-1.16%,745.03,-1.05%,698.20,+5.59%,691.14,691.14,0.00%,718.73,-3.84%,642.79,+7.52%,19.49,19.49,+0.00%,18.67,15.66,30.55,Choppy,-25.00%,False,2,Cautiously Bearish
2026-07-24,738.18,747.41,-1.23%,745.92,-1.04%,745.05,-0.92%,698.21,+5.73%,691.96,691.96,0.00%,718.75,-3.73%,642.79,+7.65%,18.90,18.70,+1.07%,18.70,15.66,30.57,Choppy,-25.00%,False,2,Cautiously Bearish
2026-07-24,740.52,738.18,+0.32%,746.23,-0.77%,745.10,-0.61%,698.55,+6.01%,688.09,688.09,0.00%,718.36,-4.21%,643.19,+6.98%,18.68,18.70,-0.11%,19.67,15.19,29.65,Choppy,-25.00%,False,2,Cautiously Bearish
2026-07-24,741.56,738.18,+0.46%,746.28,-0.63%,745.12,-0.48%,698.56,+6.16%,689.42,689.42,+0.00%,718.39,-4.03%,643.20,+7.19%,17.79,18.70,-4.87%,19.45,15.80,28.86,Choppy,-25.00%,False,3,Cautiously Bearish
2026-07-24,741.01,738.18,+0.38%,746.26,-0.70%,745.11,-0.55%,698.55,+6.08%,688.82,688.82,0.00%,718.38,-4.11%,643.20,+7.09%,18.06,18.70,-3.42%,19.45,15.80,28.86,Choppy,-25.00%,False,3,Cautiously Bearish
2026-07-27,738.93,738.18,+0.10%,746.15,-0.97%,745.07,-0.82%,698.54,+5.78%,684.23,691.96,-1.12%,718.75,-4.80%,642.97,+6.42%,17.70,18.58,-4.74%,19.45,15.80,28.85,Choppy,-25.00%,False,3,Cautiously Bearish
2026-07-27,739.78,738.93,+0.12%,746.69,-0.93%,745.02,-0.70%,698.90,+5.85%,681.70,681.70,0.00%,718.24,-5.09%,643.35,+5.96%,19.91,18.58,+7.16%,19.81,16.14,26.59,Choppy,-25.00%,False,3,Cautiously Bearish
2026-07-27,736.83,738.93,-0.28%,746.55,-1.30%,744.96,-1.09%,698.88,+5.43%,678.35,678.35,+0.00%,718.17,-5.54%,643.34,+5.44%,19.24,18.58,+3.55%,19.81,16.11,26.54,Choppy,-25.00%,False,3,Cautiously Bearish
2026-07-27,737.86,738.93,-0.14%,746.60,-1.17%,744.98,-0.96%,698.89,+5.58%,679.93,679.92,+0.00%,718.20,-5.33%,643.35,+5.69%,19.45,18.58,+4.68%,19.81,16.04,26.44,Choppy,-25.00%,False,3,Cautiously Bearish
2026-07-28,738.64,739.09,-0.06%,746.54,-1.06%,744.81,-0.83%,699.22,+5.64%,672.74,672.74,+0.00%,716.69,-6.13%,643.87,+4.48%,18.50,18.67,-0.91%,20.14,15.49,25.52,Choppy,-25.00%,False,2,Cautiously Bearish
2026-07-28,742.51,739.09,+0.46%,746.73,-0.57%,744.89,-0.32%,699.24,+6.19%,678.58,678.58,0.00%,716.81,-5.33%,643.90,+5.39%,18.00,18.67,-3.59%,20.14,15.08,24.86,Choppy,-25.00%,False,3,Cautiously Bearish
2026-07-28,741.09,739.09,+0.27%,746.66,-0.75%,744.86,-0.51%,699.23,+5.99%,676.74,676.74,+0.00%,716.77,-5.59%,643.89,+5.10%,18.34,18.67,-1.77%,20.14,15.08,24.86,Choppy,-25.00%,False,2,Cautiously Bearish
2026-07-29,740.86,739.09,+0.24%,746.65,-0.78%,744.86,-0.54%,699.23,+5.95%,675.49,682.12,-0.97%,717.64,-5.87%,643.72,+4.93%,18.86,18.21,+3.57%,20.14,15.08,24.86,Choppy,-25.00%,False,3,Cautiously Bearish
2026-07-29,734.82,740.86,-0.82%,746.05,-1.51%,744.77,-1.34%,699.55,+5.04%,668.11,668.10,+0.00%,716.60,-6.77%,644.01,+3.74%,20.02,18.21,+9.94%,20.72,14.14,25.24,Bearish,-50.00%,True,4,Cautiously Bearish
2026-07-29,734.94,740.86,-0.80%,746.06,-1.49%,744.77,-1.32%,699.55,+5.06%,668.13,668.13,0.00%,716.60,-6.76%,644.01,+3.75%,20.10,18.21,+10.38%,20.94,13.89,26.58,Bearish,-50.00%,True,4,Cautiously Bearish
2026-07-29,738.12,740.86,-0.37%,746.22,-1.09%,744.84,-0.90%,699.57,+5.51%,672.50,672.50,+0.00%,716.69,-6.17%,644.03,+4.42%,19.55,18.21,+7.36%,20.94,13.89,26.58,Choppy,-25.00%,False,3,Cautiously Bearish
2026-07-30,729.46,740.86,-1.54%,745.79,-2.19%,744.66,-2.04%,699.52,+4.28%,661.73,661.73,+0.00%,715.81,-7.55%,644.14,+2.73%,18.88,20.66,-8.62%,21.21,13.37,27.79,Choppy,-25.00%,False,3,Cautiously Bearish
2026-07-30,736.23,729.46,+0.93%,745.31,-1.22%,744.61,-1.13%,699.94,+5.18%,679.34,679.34,0.00%,715.27,-5.02%,644.59,+5.39%,18.48,20.66,-10.55%,22.19,12.28,25.53,Choppy,-25.00%,False,3,Cautiously Bearish
2026-07-30,739.28,729.46,+1.35%,745.46,-0.83%,744.68,-0.72%,699.95,+5.62%,681.49,681.49,+0.00%,715.32,-4.73%,644.60,+5.72%,18.35,20.66,-11.18%,22.19,12.28,25.51,Choppy,-25.00%,False,3,Cautiously Bearish
2026-07-30,739.99,729.46,+1.44%,745.50,-0.74%,744.69,-0.63%,699.96,+5.72%,682.60,682.60,+0.00%,715.34,-4.58%,644.60,+5.89%,17.96,20.66,-13.07%,22.19,12.17,25.30,Choppy,-25.00%,False,3,Cautiously Bearish
2026-07-31,741.69,729.46,+1.68%,745.58,-0.52%,744.72,-0.41%,699.97,+5.96%,683.55,683.55,+0.00%,715.36,-4.45%,644.61,+6.04%,17.19,17.09,+0.59%,22.19,11.97,24.88,Choppy,-25.00%,False,2,Cautiously Bearish
2026-07-31,742.54,741.69,+0.11%,745.47,-0.39%,744.90,-0.32%,700.36,+6.02%,685.79,685.79,+0.00%,715.04,-4.09%,645.03,+6.32%,17.53,17.09,+2.57%,22.31,14.25,23.14,Choppy,-25.00%,False,2,Cautiously Bearish
2026-07-31,744.64,741.69,+0.40%,745.58,-0.13%,744.94,-0.04%,700.37,+6.32%,687.02,687.02,0.00%,715.07,-3.92%,645.03,+6.51%,16.98,17.09,-0.64%,22.31,14.25,23.14,Choppy,-25.00%,False,2,Cautiously Bearish
2026-07-31,745.44,741.69,+0.51%,745.62,-0.02%,744.96,+0.06%,700.38,+6.43%,688.58,688.58,0.00%,715.10,-3.71%,645.04,+6.75%,16.57,17.09,-3.04%,22.27,14.39,23.11,Bullish,+0.00%,False,2,Caution — Below 20MA
2026-08-03,747.03,741.69,+0.72%,745.69,+0.18%,744.99,+0.27%,700.39,+6.66%,687.99,687.99,+0.00%,715.09,-3.79%,645.04,+6.66%,15.98,15.99,-0.06%,21.84,16.01,22.67,Bullish,+0.00%,False,1,Neutral
2026-08-03,755.31,747.03,+1.11%,745.90,+1.26%,745.27,+1.35%,700.85,+7.77%,697.41,697.41,+0.00%,714.77,-2.43%,645.53,+8.04%,15.74,15.99,-1.56%,20.46,20.12,21.16,Bullish,+0.00%,False,0,Neutral
2026-08-03,756.28,747.03,+1.24%,745.94,+1.39%,745.29,+1.47%,700.86,+7.91%,698.10,698.10,+0.00%,714.79,-2.33%,645.54,+8.14%,15.57,15.99,-2.63%,20.29,20.88,20.96,Bullish,+0.00%,False,0,Neutral
2026-08-03,757.64,747.03,+1.42%,746.01,+1.56%,745.32,+1.65%,700.86,+8.10%,700.61,700.61,+0.00%,714.84,-1.99%,645.55,+8.53%,15.80,15.99,-1.19%,20.42,21.60,20.77,Bullish,+0.00%,False,0,Bullish
2026-08-04,757.67,747.03,+1.42%,746.01,+1.56%,745.32,+1.66%,700.86,+8.11%,700.07,700.07,0.00%,714.83,-2.06%,645.55,+8.45%,15.58,15.86,-1.77%,20.52,22.09,20.64,Bullish,+0.00%,False,0,Bullish
2026-08-04,766.38,757.67,+1.15%,746.95,+2.60%,745.79,+2.76%,701.37,+9.27%,716.00,716.00,+0.00%,714.86,+0.16%,646.12,+10.82%,15.86,15.86,+0.00%,20.22,26.69,19.23,Bullish,+0.00%,False,0,Bullish
2026-08-04,770.36,757.67,+1.67%,747.15,+3.11%,745.87,+3.28%,701.39,+9.83%,720.82,720.82,0.00%,714.95,+0.82%,646.14,+11.56%,16.21,15.86,+2.21%,20.59,28.87,18.66,Bullish,+0.00%,False,0,Bullish
2026-08-04,771.62,757.67,+1.84%,747.21,+3.27%,745.90,+3.45%,701.40,+10.01%,722.78,722.78,+0.00%,714.99,+1.09%,646.15,+11.86%,16.59,15.86,+4.60%,20.82,30.31,18.28,Bullish,+0.00%,False,1,Bullish
2026-08-05,771.33,757.67,+1.80%,747.20,+3.23%,745.89,+3.41%,701.39,+9.97%,723.85,723.85,+0.00%,715.01,+1.24%,646.15,+12.02%,16.86,16.50,+2.18%,20.85,30.47,18.24,Bullish,+0.00%,False,0,Bullish
2026-08-05,773.67,771.33,+0.30%,748.61,+3.35%,746.45,+3.65%,701.96,+10.22%,723.31,723.30,+0.00%,715.13,+1.14%,646.77,+11.83%,16.32,16.50,-1.09%,21.44,31.79,17.48,Bullish,+0.00%,False,0,Bullish
2026-08-05,771.95,771.33,+0.08%,748.52,+3.13%,746.42,+3.42%,701.95,+9.97%,722.18,722.18,+0.00%,715.11,+0.99%,646.77,+11.66%,16.02,16.50,-2.91%,21.44,31.45,17.29,Bullish,+0.00%,False,0,Bullish
2026-08-05,771.59,771.33,+0.03%,748.50,+3.08%,746.41,+3.37%,701.95,+9.92%,720.83,720.83,0.00%,715.08,+0.80%,646.76,+11.45%,15.90,16.50,-3.64%,21.44,31.45,17.29,Bullish,+0.00%,False,1,Bullish
2026-08-06,769.79,771.33,-0.20%,748.41,+2.86%,746.37,+3.14%,701.94,+9.67%,717.30,717.30,+0.00%,715.01,+0.32%,646.74,+10.91%,15.98,15.81,+1.08%,21.44,31.38,17.23,Bullish,+0.00%,False,0,Bullish
2026-08-06,770.99,769.79,+0.16%,749.38,+2.88%,746.78,+3.24%,702.47,+9.75%,717.30,717.30,+0.00%,715.01,+0.32%,646.96,+10.87%,15.51,15.81,-1.90%,21.92,30.69,17.22,Bullish,+0.00%,False,0,Bullish
2026-08-06,768.95,769.79,-0.11%,749.28,+2.63%,746.74,+2.97%,702.46,+9.46%,716.22,716.22,0.00%,714.73,+0.21%,647.30,+10.65%,15.41,15.81,-2.53%,21.68,30.31,18.25,Bullish,+0.00%,False,0,Bullish
2026-08-06,768.55,769.79,-0.16%,749.26,+2.58%,746.73,+2.92%,702.46,+9.41%,715.27,715.27,0.00%,714.71,+0.08%,647.30,+10.50%,15.38,15.81,-2.72%,21.68,30.31,18.25,Bullish,+0.00%,False,0,Bullish
2026-08-07,768.56,769.79,-0.16%,749.26,+2.58%,746.73,+2.92%,702.46,+9.41%,714.65,714.65,0.00%,714.70,-0.01%,647.30,+10.41%,15.33,15.15,+1.19%,21.68,30.31,18.25,Bullish,+0.00%,False,0,Bullish
2026-08-07,772.88,768.56,+0.56%,750.15,+3.03%,747.18,+3.44%,702.97,+9.95%,720.31,720.31,+0.00%,714.51,+0.81%,647.84,+11.19%,14.97,15.15,-1.19%,22.04,30.37,17.54,Bullish,+0.00%,False,0,Bullish
2026-08-07,771.97,768.56,+0.44%,750.11,+2.91%,747.16,+3.32%,702.96,+9.82%,720.69,720.69,0.00%,714.52,+0.86%,647.84,+11.24%,14.95,15.15,-1.32%,22.09,30.69,17.46,Bullish,+0.00%,False,0,Bullish
2026-08-07,772.12,768.56,+0.46%,750.12,+2.93%,747.17,+3.34%,702.96,+9.84%,720.78,720.78,0.00%,714.52,+0.88%,647.84,+11.26%,14.93,15.15,-1.45%,22.09,30.69,17.46,Bullish,+0.00%,False,0,Bullish
2026-08-10,773.26,768.56,+0.61%,750.17,+3.08%,747.19,+3.49%,702.97,+10.00%,723.03,723.03,0.00%,714.57,+1.18%,647.85,+11.60%,15.42,14.90,+3.49%,22.09,30.69,17.46,Bullish,+0.00%,False,1,Bullish
2026-08-10,773.50,773.26,+0.03%,751.39,+2.94%,747.57,+3.47%,703.48,+9.95%,721.78,721.78,0.00%,714.29,+1.05%,648.40,+11.32%,15.18,14.90,+1.88%,22.58,30.98,17.08,Bullish,+0.00%,False,0,Bullish
2026-08-10,772.86,773.26,-0.05%,751.36,+2.86%,747.55,+3.39%,703.48,+9.86%,721.68,721.68,+0.00%,714.29,+1.03%,648.40,+11.30%,15.30,14.90,+2.68%,22.58,30.82,16.99,Bullish,+0.00%,False,0,Bullish
2026-08-10,772.86,773.26,-0.05%,751.36,+2.86%,747.55,+3.39%,703.48,+9.86%,721.43,721.43,+0.00%,714.28,+1.00%,648.40,+11.26%,15.29,14.90,+2.62%,22.58,30.82,16.99,Bullish,+0.00%,False,0,Bullish
2026-08-11,773.03,773.03,0.00%,751.37,+2.88%,747.56,+3.41%,703.48,+9.89%,720.87,720.87,+0.00%,714.27,+0.92%,648.40,+11.18%,15.54,15.54,+0.00%,22.57,30.75,16.95,Bullish,+0.00%,False,0,Bullish
2026-08-11,773.76,773.76,0.00%,752.46,+2.83%,747.90,+3.46%,704.01,+9.91%,722.04,722.04,+0.00%,713.95,+1.13%,648.98,+11.26%,15.27,15.27,0.00%,23.03,30.20,16.64,Bullish,+0.00%,False,0,Bullish
2026-08-11,771.05,771.05,+0.00%,752.33,+2.49%,747.85,+3.10%,704.00,+9.52%,718.05,718.05,+0.00%,713.87,+0.59%,648.96,+10.65%,15.43,15.43,0.00%,22.91,29.77,16.99,Bullish,+0.00%,False,0,Bullish
2026-08-11,771.11,771.11,0.00%,752.33,+2.50%,747.85,+3.11%,704.00,+9.53%,718.15,718.15,0.00%,713.87,+0.60%,648.96,+10.66%,15.27,15.27,0.00%,22.80,29.59,17.49,Bullish,+0.00%,False,0,Bullish
2026-08-12,772.87,770.56,+0.30%,753.21,+2.61%,748.13,+3.31%,704.50,+9.70%,724.91,724.91,+0.00%,713.52,+1.60%,649.54,+11.60%,14.68,15.28,-3.93%,22.62,28.50,17.81,Bullish,+0.00%,False,1,Bullish
2026-08-12,772.84,770.56,+0.30%,753.20,+2.61%,748.13,+3.30%,704.50,+9.70%,725.15,725.15,0.00%,713.52,+1.63%,649.54,+11.64%,14.60,15.28,-4.45%,22.62,28.50,17.81,Bullish,+0.00%,False,1,Bullish
2026-08-13,772.49,772.49,+0.00%,753.19,+2.56%,748.12,+3.26%,704.50,+9.65%,723.70,723.70,0.00%,713.49,+1.43%,649.53,+11.42%,14.44,14.44,+0.00%,22.70,28.44,17.54,Bullish,+0.00%,False,0,Bullish
2026-08-13,778.13,778.13,0.00%,754.56,+3.12%,748.49,+3.96%,705.00,+10.37%,732.70,732.70,0.00%,713.23,+2.73%,650.11,+12.70%,14.55,14.55,0.00%,23.24,30.71,16.45,Bullish,+0.00%,False,0,Bullish
2026-08-13,776.94,776.94,+0.00%,754.50,+2.97%,748.47,+3.80%,705.00,+10.21%,732.40,732.40,0.00%,713.22,+2.69%,650.11,+12.66%,14.71,14.71,0.00%,23.24,30.71,16.45,Bullish,+0.00%,False,0,Bullish
2026-08-13,776.83,776.83,0.00%,754.49,+2.96%,748.46,+3.79%,704.99,+10.19%,732.29,732.29,+0.00%,713.22,+2.67%,650.11,+12.64%,14.68,14.68,0.00%,23.24,30.71,16.45,Bullish,+0.00%,False,0,Bullish
2026-08-14,777.88,777.88,0.00%,754.54,+3.09%,748.48,+3.93%,705.00,+10.34%,732.07,732.07,0.00%,713.21,+2.64%,650.11,+12.61%,14.53,14.53,+0.00%,23.24,30.71,16.45,Bullish,+0.00%,False,0,Bullish
2026-08-14,776.92,776.91,+0.00%,756.23,+2.74%,748.94,+3.74%,705.46,+10.13%,730.67,730.67,+0.00%,712.94,+2.49%,650.62,+12.30%,14.51,14.51,0.00%,23.74,30.10,16.12,Bullish,+0.00%,False,0,Bullish
2026-08-14,775.80,775.79,+0.00%,756.17,+2.60%,748.92,+3.59%,705.45,+9.97%,729.10,729.10,+0.00%,712.91,+2.27%,650.61,+12.06%,14.46,14.46,0.00%,23.74,29.80,15.96,Bullish,+0.00%,False,0,Bullish
2026-08-14,775.86,775.85,+0.00%,756.17,+2.60%,748.92,+3.60%,705.45,+9.98%,729.51,729.51,0.00%,712.92,+2.33%,650.61,+12.13%,14.34,14.34,0.00%,23.74,29.73,15.92,Bullish,+0.00%,False,0,Bullish
2026-08-17,776.34,777.88,-0.20%,756.20,+2.66%,748.93,+3.66%,705.46,+10.05%,731.07,731.07,0.00%,712.95,+2.54%,650.62,+12.37%,15.07,14.25,+5.75%,23.59,29.79,16.17,Bullish,+0.00%,False,1,Bullish
2026-08-17,775.22,776.34,-0.14%,757.85,+2.29%,749.29,+3.46%,705.90,+9.82%,733.56,733.56,+0.00%,712.81,+2.91%,651.12,+12.66%,14.98,14.25,+5.12%,23.91,29.23,16.40,Bullish,+0.00%,False,1,Bullish
2026-08-17,774.62,776.34,-0.22%,757.82,+2.22%,749.28,+3.38%,705.89,+9.74%,732.04,732.04,+0.00%,712.78,+2.70%,651.12,+12.43%,15.12,14.25,+6.11%,23.85,29.13,16.67,Bullish,+0.00%,False,1,Bullish
2026-08-17,773.54,776.34,-0.36%,757.77,+2.08%,749.26,+3.24%,705.89,+9.58%,730.17,730.16,+0.00%,712.74,+2.44%,651.11,+12.14%,15.24,14.25,+6.95%,23.57,28.72,17.87,Bullish,+0.00%,False,1,Bullish
2026-08-18,772.67,776.34,-0.47%,757.73,+1.97%,749.24,+3.13%,705.88,+9.46%,729.87,731.07,-0.16%,712.95,+2.37%,650.71,+12.17%,15.77,15.19,+3.82%,23.46,28.55,18.34,Bullish,+0.00%,False,1,Bullish
2026-08-18,767.89,772.67,-0.62%,758.71,+1.21%,749.84,+2.41%,706.29,+8.72%,716.45,716.45,+0.00%,712.47,+0.56%,651.11,+10.03%,15.67,15.19,+3.16%,22.48,27.12,22.28,Bullish,+0.00%,False,1,Bullish
2026-08-18,768.59,772.67,-0.53%,758.74,+1.30%,749.86,+2.50%,706.29,+8.82%,719.14,719.14,0.00%,713.02,+0.86%,651.52,+10.38%,15.71,15.19,+3.42%,22.44,27.03,22.51,Bullish,+0.00%,False,1,Bullish
2026-08-18,767.60,772.67,-0.66%,758.69,+1.17%,749.84,+2.37%,706.28,+8.68%,717.15,717.15,0.00%,712.98,+0.59%,651.51,+10.07%,15.71,15.19,+3.42%,22.44,27.03,22.51,Bullish,+0.00%,False,1,Bullish
2026-08-19,767.45,772.67,-0.68%,758.68,+1.16%,749.84,+2.35%,706.28,+8.66%,717.51,717.51,0.00%,712.98,+0.63%,651.51,+10.13%,15.53,15.84,-1.96%,22.37,26.93,22.83,Bullish,+0.00%,False,0,Bullish
2026-08-19,772.22,767.45,+0.62%,759.92,+1.62%,750.50,+2.89%,706.75,+9.26%,718.57,718.57,0.00%,713.03,+0.78%,651.98,+10.21%,15.21,15.84,-3.98%,21.73,28.41,21.72,Bullish,+0.00%,False,1,Bullish
2026-08-19,769.63,767.45,+0.28%,759.80,+1.29%,750.44,+2.56%,706.73,+8.90%,716.87,716.86,+0.00%,713.00,+0.54%,651.97,+9.95%,15.17,15.84,-4.23%,21.76,28.56,21.67,Bullish,+0.00%,False,1,Bullish
2026-08-19,769.64,767.45,+0.29%,759.80,+1.30%,750.44,+2.56%,706.73,+8.90%,716.71,716.71,0.00%,713.00,+0.52%,651.97,+9.93%,15.23,15.84,-3.85%,21.76,28.56,21.67,Bullish,+0.00%,False,1,Bullish
2026-08-20,769.06,767.45,+0.21%,759.77,+1.22%,750.43,+2.48%,706.73,+8.82%,716.08,716.08,0.00%,712.98,+0.43%,651.96,+9.83%,15.74,14.89,+5.71%,21.76,28.56,21.67,Bullish,+0.00%,False,1,Bullish
2026-08-20,767.16,769.06,-0.25%,761.22,+0.78%,751.04,+2.15%,707.16,+8.49%,713.15,713.15,0.00%,713.09,+0.01%,652.38,+9.31%,15.72,14.89,+5.57%,20.73,27.46,23.70,Bullish,+0.00%,False,1,Bullish
2026-08-20,766.37,769.06,-0.35%,761.18,+0.68%,751.02,+2.04%,707.15,+8.37%,712.78,712.78,0.00%,713.08,-0.04%,652.38,+9.26%,15.67,14.89,+5.24%,20.71,27.42,23.80,Bullish,+0.00%,False,1,Bullish
2026-08-20,764.44,769.06,-0.60%,761.08,+0.44%,750.98,+1.79%,707.14,+8.10%,710.51,710.51,0.00%,713.04,-0.35%,652.37,+8.91%,15.90,14.89,+6.78%,20.55,27.13,24.59,Bullish,+0.00%,False,1,Bullish
2026-08-21,762.60,769.06,-0.84%,760.99,+0.21%,750.94,+1.55%,707.13,+7.84%,710.93,710.93,+0.00%,713.05,-0.30%,652.37,+8.98%,15.42,16.01,-3.69%,20.24,26.53,26.26,Bullish,+0.00%,False,1,Bullish
2026-08-21,766.44,762.60,+0.50%,762.36,+0.53%,751.76,+1.95%,707.55,+8.32%,713.87,713.87,+0.00%,713.45,+0.06%,652.78,+9.36%,15.30,16.01,-4.43%,18.83,25.10,24.84,Bullish,+0.00%,False,2,Bullish
2026-08-21,765.43,762.60,+0.37%,762.31,+0.41%,751.74,+1.82%,707.54,+8.18%,713.13,713.13,0.00%,713.44,-0.04%,652.78,+9.25%,15.27,16.01,-4.62%,18.83,25.10,24.84,Bullish,+0.00%,False,2,Bullish
2026-08-24,765.72,762.60,+0.41%,762.33,+0.45%,751.75,+1.86%,707.54,+8.22%,713.44,713.44,0.00%,713.44,0.00%,652.78,+9.29%,15.86,15.13,+4.82%,18.83,25.10,24.84,Bullish,+0.00%,False,2,Bullish
2026-08-24,763.63,765.72,-0.27%,763.55,+0.01%,752.27,+1.51%,707.99,+7.86%,705.82,705.82,0.00%,713.22,-1.04%,653.21,+8.05%,15.84,15.13,+4.69%,17.77,24.12,26.11,Bullish,+0.00%,False,2,Neutral
2026-08-24,764.19,765.72,-0.20%,763.58,+0.08%,752.28,+1.58%,707.99,+7.94%,708.04,708.04,0.00%,713.26,-0.73%,653.22,+8.39%,15.68,15.13,+3.64%,17.77,24.12,26.11,Bullish,+0.00%,False,2,Neutral
2026-08-24,763.32,765.72,-0.31%,763.54,-0.03%,752.26,+1.47%,707.98,+7.82%,707.00,707.00,+0.00%,713.24,-0.87%,653.22,+8.23%,15.80,15.13,+4.43%,17.77,24.12,26.11,Bullish,+0.00%,False,2,Caution — Below 20MA
2026-08-25,763.47,765.72,-0.29%,763.55,-0.01%,752.26,+1.49%,707.99,+7.84%,706.32,706.32,0.00%,713.23,-0.97%,653.22,+8.13%,15.84,15.85,-0.06%,17.77,24.12,26.11,Bullish,+0.00%,False,1,Caution — Below 20MA
2026-08-25,764.76,763.47,+0.17%,764.74,+0.00%,752.72,+1.60%,708.42,+7.95%,709.63,709.63,0.00%,712.99,-0.47%,653.65,+8.56%,15.81,15.85,-0.25%,16.52,24.89,25.07,Bullish,+0.00%,False,1,Neutral
2026-08-25,765.68,763.47,+0.29%,764.79,+0.12%,752.74,+1.72%,708.43,+8.08%,710.67,710.66,+0.00%,713.01,-0.33%,653.65,+8.72%,15.49,15.85,-2.27%,16.52,24.89,25.07,Bullish,+0.00%,False,1,Neutral
2026-08-25,765.00,763.47,+0.20%,764.75,+0.03%,752.73,+1.63%,708.42,+7.99%,709.47,709.47,0.00%,712.99,-0.49%,653.65,+8.54%,15.56,15.85,-1.83%,16.52,24.89,25.07,Bullish,+0.00%,False,1,Neutral
2026-08-26,765.91,763.47,+0.32%,764.80,+0.15%,752.75,+1.75%,708.43,+8.11%,710.72,710.72,+0.00%,713.01,-0.32%,653.65,+8.73%,15.70,15.45,+1.62%,16.52,24.88,25.07,Bullish,+0.00%,False,1,Neutral
2026-08-26,765.91,765.91,+0.00%,766.62,-0.09%,752.97,+1.72%,708.91,+8.04%,710.32,710.32,0.00%,712.34,-0.28%,654.15,+8.59%,15.47,15.45,+0.13%,15.35,24.43,24.41,Bullish,+0.00%,False,1,Caution — Below 20MA
2026-08-26,764.66,765.91,-0.16%,766.56,-0.25%,752.94,+1.56%,708.90,+7.87%,709.47,709.47,+0.00%,712.32,-0.40%,654.14,+8.46%,15.70,15.45,+1.62%,15.35,24.22,24.20,Bullish,+0.00%,False,1,Caution — Below 20MA
2026-08-26,765.65,765.91,-0.03%,766.61,-0.12%,752.96,+1.68%,708.90,+8.00%,711.00,711.00,0.00%,712.35,-0.19%,654.15,+8.69%,15.39,15.45,-0.39%,15.35,24.22,24.20,Bullish,+0.00%,False,1,Caution — Below 20MA
2026-08-27,766.08,765.91,+0.02%,766.63,-0.07%,752.97,+1.74%,708.91,+8.07%,711.37,711.37,+0.00%,712.36,-0.14%,654.15,+8.75%,15.04,15.21,-1.12%,15.41,24.56,24.09,Bullish,+0.00%,False,1,Caution — Below 20MA
2026-08-27,770.30,766.08,+0.55%,768.06,+0.29%,753.37,+2.25%,709.40,+8.58%,718.68,718.68,+0.00%,712.14,+0.92%,654.70,+9.77%,14.55,15.21,-4.34%,14.89,26.92,22.86,Bullish,+0.00%,False,2,Bullish
2026-08-27,772.02,766.08,+0.78%,768.15,+0.50%,753.41,+2.47%,709.41,+8.83%,720.03,720.03,0.00%,712.16,+1.10%,654.70,+9.98%,14.48,15.21,-4.80%,15.13,28.26,22.44,Bullish,+0.00%,False,2,Bullish
2026-08-27,771.35,766.08,+0.69%,768.11,+0.42%,753.39,+2.38%,709.41,+8.73%,719.27,719.27,0.00%,712.15,+1.00%,654.70,+9.86%,14.66,15.21,-3.62%,15.18,28.52,22.36,Bullish,+0.00%,False,2,Bullish
2026-08-28,771.10,766.08,+0.66%,768.10,+0.39%,753.39,+2.35%,709.41,+8.70%,721.11,721.11,+0.00%,712.19,+1.25%,654.71,+10.14%,14.46,14.51,-0.34%,15.18,28.52,22.36,Bullish,+0.00%,False,1,Bullish
2026-08-28,775.04,771.10,+0.51%,769.50,+0.72%,754.07,+2.78%,709.87,+9.18%,723.90,723.90,0.00%,712.21,+1.64%,655.21,+10.48%,14.19,14.51,-2.21%,15.34,29.91,20.99,Bullish,+0.00%,False,1,Bullish
2026-08-28,769.69,771.10,-0.18%,769.23,+0.06%,753.96,+2.09%,709.85,+8.43%,716.59,716.59,+0.00%,712.07,+0.64%,655.17,+9.37%,14.64,14.51,+0.90%,15.37,29.87,20.78,Bullish,+0.00%,False,1,Bullish
2026-08-28,769.54,771.10,-0.20%,769.23,+0.04%,753.96,+2.07%,709.85,+8.41%,716.97,716.97,+0.00%,712.07,+0.69%,655.18,+9.43%,14.63,14.51,+0.83%,15.37,29.59,20.59,Bullish,+0.00%,False,1,Bullish
2026-10-05,769.64,763.99,+0.74%,764.83,+0.63%,763.70,+0.78%,720.47,+6.82%,749.58,749.58,0.00%,716.82,+4.57%,668.60,+12.11%,16.13,15.31,+5.36%,10.19,29.12,27.95,Bullish,+0.00%,False,2,Bullish
2026-10-05,772.26,769.64,+0.34%,764.93,+0.96%,764.37,+1.03%,720.94,+7.12%,754.09,754.09,0.00%,718.21,+5.00%,669.32,+12.67%,15.52,15.31,+1.37%,9.65,28.40,26.93,Bullish,+0.00%,False,1,Bullish
2026-10-05,774.45,769.64,+0.62%,765.04,+1.23%,764.41,+1.31%,720.95,+7.42%,753.89,753.89,+0.00%,718.21,+4.97%,669.31,+12.64%,15.49,15.31,+1.18%,9.86,29.58,26.48,Bullish,+0.00%,False,1,Bullish
2026-10-05,774.88,769.64,+0.68%,765.06,+1.28%,764.42,+1.37%,720.95,+7.48%,754.99,754.99,+0.00%,718.23,+5.12%,669.32,+12.80%,15.54,15.31,+1.50%,9.91,29.88,26.37,Bullish,+0.00%,False,1,Bullish
2026-10-06,774.83,769.64,+0.67%,765.06,+1.28%,764.42,+1.36%,720.95,+7.47%,756.20,756.20,0.00%,718.26,+5.28%,669.33,+12.98%,15.30,15.52,-1.42%,10.12,31.15,25.89,Bullish,+0.00%,False,1,Bullish
2026-10-06,780.22,774.83,+0.70%,765.77,+1.89%,765.24,+1.96%,721.49,+8.14%,762.15,762.15,0.00%,719.86,+5.88%,670.14,+13.73%,15.40,15.52,-0.77%,10.54,33.53,24.28,Bullish,+0.00%,False,1,Bullish
2026-10-06,780.38,774.83,+0.72%,765.78,+1.91%,765.25,+1.98%,721.50,+8.16%,760.87,760.86,+0.00%,719.83,+5.70%,670.13,+13.54%,15.02,15.52,-3.22%,10.65,34.20,24.04,Bullish,+0.00%,False,2,Bullish
2026-10-06,779.90,774.83,+0.65%,765.76,+1.85%,765.24,+1.92%,721.49,+8.10%,760.88,760.88,0.00%,719.83,+5.70%,670.13,+13.54%,15.09,15.52,-2.77%,10.65,34.20,24.04,Bullish,+0.00%,False,1,Bullish
2026-10-07,779.09,774.83,+0.55%,765.72,+1.75%,765.22,+1.81%,721.49,+7.98%,759.66,759.66,+0.00%,719.81,+5.54%,670.12,+13.36%,15.77,15.01,+5.06%,10.65,34.20,24.04,Bullish,+0.00%,False,2,Bullish
2026-10-07,773.88,779.09,-0.67%,766.29,+0.99%,765.88,+1.04%,721.98,+7.19%,754.38,754.38,0.00%,721.38,+4.57%,670.85,+12.45%,15.70,15.01,+4.60%,10.51,32.29,27.07,Bullish,+0.00%,False,2,Bullish
2026-10-07,776.48,779.09,-0.34%,766.42,+1.31%,765.93,+1.38%,721.99,+7.55%,756.19,756.19,0.00%,721.42,+4.82%,670.86,+12.72%,15.38,15.01,+2.47%,10.48,32.20,27.28,Bullish,+0.00%,False,1,Bullish
2026-10-07,777.47,779.09,-0.21%,766.47,+1.44%,765.95,+1.50%,721.99,+7.68%,756.78,756.78,0.00%,721.43,+4.90%,670.86,+12.81%,15.14,15.01,+0.87%,10.48,32.20,27.28,Bullish,+0.00%,False,1,Bullish
2026-10-08,777.22,779.09,-0.24%,766.46,+1.40%,765.95,+1.47%,721.99,+7.65%,757.73,757.73,+0.00%,721.45,+5.03%,670.87,+12.95%,15.62,15.08,+3.58%,10.48,32.19,27.27,Bullish,+0.00%,False,2,Bullish
2026-10-08,775.96,777.22,-0.16%,767.36,+1.12%,766.88,+1.18%,722.47,+7.40%,754.76,754.76,0.00%,723.31,+4.35%,671.55,+12.39%,15.28,15.08,+1.33%,10.32,31.20,26.43,Bullish,+0.00%,False,1,Bullish
2026-10-08,774.86,777.22,-0.30%,767.31,+0.98%,766.86,+1.04%,722.46,+7.25%,748.14,748.14,0.00%,723.18,+3.45%,671.52,+11.41%,15.36,15.08,+1.86%,10.32,31.09,26.34,Bullish,+0.00%,False,1,Bullish
2026-10-08,772.53,777.22,-0.60%,767.19,+0.70%,766.81,+0.75%,722.45,+6.93%,745.95,745.95,+0.00%,723.14,+3.15%,671.51,+11.09%,15.84,15.08,+5.04%,9.87,29.86,28.69,Bullish,+0.00%,False,2,Bullish
2026-10-09,773.93,777.22,-0.42%,767.26,+0.87%,766.84,+0.92%,722.46,+7.12%,747.58,747.58,0.00%,723.17,+3.38%,671.52,+11.33%,15.18,15.41,-1.49%,9.87,29.86,28.69,Bullish,+0.00%,False,1,Bullish
2026-10-09,776.25,773.93,+0.30%,767.86,+1.09%,767.53,+1.14%,722.92,+7.38%,750.71,750.71,0.00%,724.51,+3.62%,672.18,+11.68%,15.09,15.41,-2.08%,9.31,28.89,27.76,Bullish,+0.00%,False,1,Bullish
