Date Opened,Time Opened,Date Closed,Time Closed,Symbol,Shares,Entry Price,Entry Amount,Entry Latency (ms),Entry Slippage %,Exit Price,Exit Amount,Exit Latency (ms),Exit Slippage %,Status,Result,UserName,XScore,DiscordRank,P&L,P&L %,OrderId
2026-08-27,10:30:25,,,SCHW,23,107.57,2474.11,2863,-0.01%,,,,,Open,Open,SPYGLASS,100,,,,22780
2026-08-28,10:30:53,,,MRK,16,147.32,2357.12,2560,-0.10%,,,,,Open,Open,SPYGLASS,100,,,,22861
2026-08-28,10:30:58,,,VRTX,4,545.38,2181.52,3493,+0.24%,,,,,Open,Open,SPYGLASS,100,,,,22881
2026-10-05,11:30:35,,,MSFT,4,526.44,2105.76,2876,-0.01%,,,,,Open,Open,SPYGLASS,100,,,,24828
2026-10-05,11:30:40,2026-10-07,09:30:10,MU,2,1064.95,2129.90,,,1014.55,2029.10,,,Closed,StoppedOut,SPYGLASS,100,,-100.80,-4.73%,24848
2026-10-05,11:30:44,,,PLTR,13,188.60,2451.80,2969,+0.03%,,,,,Open,Open,SPYGLASS,100,,,,24868
2026-10-05,13:46:23,2026-10-07,09:30:04,RDW,236,10.52,2482.72,,,10.37,2447.32,,,Closed,StoppedOut,SLAM,78,,-35.40,-1.43%,24888
2026-10-06,10:20:26,2026-10-06,12:33:24,SKYD,259,9.63,2494.17,2958,+0.05%,9.20,2382.80,,,Closed,StoppedOut,SLAM,78,Top Trader I,-111.37,-4.47%,24918
2026-10-06,11:30:27,,,ABBV,9,266.80,2401.20,2838,+0.26%,,,,,Open,Open,SPYGLASS,100,,,,24938
2026-10-06,11:30:32,,,XOM,15,164.69,2470.35,3709,+0.03%,,,,,Open,Open,SPYGLASS,100,,,,24958
2026-10-07,10:36:13,2026-10-09,12:51:13,HOOD,23,108.57,2497.11,,,109.20,2511.60,,,Closed,ClosedExternally,Hydra,86,Junior Analyst I,+14.49,+0.58%,25200
2026-10-08,11:30:29,,,MSTR,16,149.94,2399.04,2983,-0.05%,,,,,Open,Open,SPYGLASS,100,,,,25220
2026-10-08,11:30:35,,,META,3,721.40,2164.20,4236,-0.02%,,,,,Open,Open,SPYGLASS,100,,,,25240
2026-10-08,11:59:50,2026-10-09,12:51:13,LLY,2,1136.24,2272.48,,,1176.23,2352.46,,,Closed,ClosedExternally,Hydra,86,Junior Analyst I,+79.98,+3.52%,25280
2026-10-09,10:19:24,2026-10-09,12:51:13,CRCL,29,85.00,2465.00,,,86.58,2510.82,,,Closed,ClosedExternally,Hydra,86,Junior Analyst I,+45.82,+1.86%,25310
2026-10-09,10:20:11,2026-10-09,12:51:13,COIN,14,179.04,2506.56,,,181.48,2540.72,,,Closed,ClosedExternally,Hydra,86,Junior Analyst I,+34.16,+1.36%,25330
2026-10-09,11:03:55,2026-10-09,12:51:13,JOBY,471,5.30,2496.30,,,5.26,2477.46,,,Closed,ClosedExternally,SLAM,78,Top Trader I,-18.84,-0.75%,25370
2026-10-09,11:30:49,,,ANET,11,216.46,2381.06,3209,+0.02%,,,,,Open,Open,SPYGLASS,100,,,,25390
2026-10-09,11:30:53,,,NVDA,10,229.99,2299.90,2808,+0.05%,,,,,Open,Open,SPYGLASS,100,,,,25410

,,SUMMARY
,,Total Trades,38
,,Open,30,Closed,8
,,Wins,4,Losses,4,Win Rate,50.0%
,,Total P&L,-91.96
